date,ticker,p_down,p_side,p_up,actual
2024-08-28,360ONE.BO,0.386756,0.32335177,0.28989223,-0.37463226374950154
2024-08-28,3MINDIA.BO,0.38675815,0.32334957,0.2898923,-1.2595963851175493
2024-08-28,APLAPOLLO.BO,0.38675565,0.32335213,0.28989223,-1.3887477330183422
2024-08-28,AUBANK.BO,0.38675666,0.3233511,0.2898923,9.016008020161042
2024-08-28,AWL.BO,0.3867566,0.32335117,0.28989226,1.6491720573289563
2024-08-28,AAVAS.BO,0.38675544,0.3233524,0.2898922,1.1439160870190523
2024-08-28,ACE.BO,0.38675746,0.32335022,0.28989226,0.6771634319635826
2024-08-28,ADANIENSOL.BO,0.38675737,0.32335037,0.2898923,0.17043240327045706
2024-08-28,ADANIENT.BO,0.38675517,0.32335258,0.28989223,-0.3390951947729716
2024-08-28,ADANIGREEN.BO,0.38675597,0.32335177,0.28989226,3.682615736456914
2024-08-28,ADANIPORTS.BO,0.38675493,0.3233528,0.2898922,0.13602665670820474
2024-08-28,ADANIPOWER.BO,0.38675508,0.32335272,0.28989223,1.4420501990279524
2024-08-28,ATGL.BO,0.38675666,0.3233511,0.28989226,0.6659551174351191
2024-09-04,360ONE.BO,0.35288185,0.3973591,0.2497591,-0.7475028936137624
2024-09-04,3MINDIA.BO,0.35288125,0.39738244,0.24973638,0.3959633279240837
2024-09-04,APLAPOLLO.BO,0.3528812,0.39738274,0.24973607,-1.7483648415031507
2024-09-04,AUBANK.BO,0.35288176,0.39737993,0.24973832,4.978197674418604
2024-09-04,AWL.BO,0.35287976,0.3973773,0.24974293,-4.23705767003975
2024-09-04,AAVAS.BO,0.35288242,0.3973925,0.249725,2.0150975157392814
2024-09-04,ACE.BO,0.35288337,0.39736706,0.24974953,-2.0100071689816525
2024-09-04,ADANIENSOL.BO,0.35288036,0.3973747,0.24974501,-2.8583951211279723
2024-09-04,ADANIENT.BO,0.352881,0.3973765,0.24974243,-2.494602567427386
2024-09-04,ADANIGREEN.BO,0.35288185,0.39738318,0.24973495,-5.98963604072215
2024-09-04,ADANIPORTS.BO,0.3528819,0.3973807,0.24973743,-2.8594781131576754
2024-09-04,ADANIPOWER.BO,0.35288334,0.39737213,0.24974458,-3.672966652616324
2024-09-04,ATGL.BO,0.3528809,0.39739463,0.24972443,-5.6436991857572005
2024-09-11,360ONE.BO,0.33678007,0.3759764,0.28724355,-0.10164723569942063
2024-09-11,3MINDIA.BO,0.3367714,0.37602216,0.28720644,0.9035830194091808
2024-09-11,APLAPOLLO.BO,0.336774,0.37600774,0.2872182,0.4754614082145078
2024-09-11,AUBANK.BO,0.33677268,0.37601593,0.2872114,0.15922802548459675
2024-09-11,AWL.BO,0.33678484,0.3759526,0.28726253,-0.9941244048922814
2024-09-11,AAVAS.BO,0.33677602,0.37599847,0.28722548,2.085036148806047
2024-09-11,ACE.BO,0.33676997,0.37602925,0.28720078,7.602362370816067
2024-09-11,ADANIENSOL.BO,0.3367772,0.37599382,0.28722897,-1.9916953338146182
2024-09-11,ADANIENT.BO,0.3367819,0.37596422,0.28725386,0.5702418657335073
2024-09-11,ADANIGREEN.BO,0.33677998,0.37597808,0.2872419,7.401891807248126
2024-09-11,ADANIPORTS.BO,0.3367784,0.37598234,0.28723925,-0.11187076217045837
2024-09-11,ADANIPOWER.BO,0.33677503,0.37600383,0.28722104,3.9087379328552427
2024-09-11,ATGL.BO,0.33677182,0.37602007,0.28720808,-1.5821803544424522
2024-09-18,360ONE.BO,0.2670474,0.3796226,0.35333002,-4.4262610882928355
2024-09-18,3MINDIA.BO,0.2670475,0.3796233,0.35332924,-0.6003431193779519
2024-09-18,APLAPOLLO.BO,0.26704746,0.37962347,0.35332906,5.327073683237648
2024-09-18,AUBANK.BO,0.26704726,0.3796231,0.35332966,1.0367707695441162
2024-09-18,AWL.BO,0.2670471,0.37962317,0.35332972,-2.36175247468176
2024-09-18,AAVAS.BO,0.26704758,0.37962362,0.3533288,4.10970500706312
2024-09-18,ACE.BO,0.26704744,0.37962338,0.35332912,5.937761028681067
2024-09-18,ADANIENSOL.BO,0.26704723,0.3796227,0.35333002,6.7602707349374525
2024-09-18,ADANIENT.BO,0.26704717,0.37962317,0.35332966,5.09968847918437
2024-09-18,ADANIGREEN.BO,0.2670473,0.379623,0.35332972,6.065579829300759
2024-09-18,ADANIPORTS.BO,0.2670472,0.37962317,0.35332957,1.7464702273954806
2024-09-18,ADANIPOWER.BO,0.26704738,0.37962326,0.35332942,2.4566346859958723
2024-09-18,ATGL.BO,0.26704723,0.37962326,0.3533295,1.0213134372005863
2024-09-25,360ONE.BO,0.3177867,0.3314233,0.35079002,-6.949277018100481
2024-09-25,3MINDIA.BO,0.31780827,0.3314276,0.35076416,-1.764733553135937
2024-09-25,APLAPOLLO.BO,0.31781808,0.3314271,0.35075486,5.748075530595123
2024-09-25,AUBANK.BO,0.3177929,0.331425,0.35078207,0.09576565173001969
2024-09-25,AWL.BO,0.3178144,0.33142856,0.35075697,-1.506376599984759
2024-09-25,AAVAS.BO,0.3177775,0.3314219,0.3508005,-5.639246895579226
2024-09-25,ACE.BO,0.31779063,0.33142477,0.3507846,-4.134570002565853
2024-09-25,ADANIENSOL.BO,0.31780273,0.3314274,0.3507699,-2.797832543973688
2024-09-25,ADANIENT.BO,0.31779385,0.33142498,0.3507812,0.3897285661083823
2024-09-25,ADANIGREEN.BO,0.3177935,0.33142444,0.35078204,-12.499388732984631
2024-09-25,ADANIPORTS.BO,0.31779215,0.33142543,0.35078245,-1.967603226274035
2024-09-25,ADANIPOWER.BO,0.3177921,0.33142552,0.3507824,-3.2668967413580505
2024-09-25,ATGL.BO,0.31779492,0.331426,0.35077912,-3.6070923581806804
2024-10-03,360ONE.BO,0.70841104,0.17483804,0.116751015,6.365711422690476
2024-10-03,3MINDIA.BO,0.70840836,0.17483929,0.11675242,-0.5762169804043762
2024-10-03,APLAPOLLO.BO,0.7084094,0.17483883,0.116751805,-1.7119130035405006
2024-10-03,AUBANK.BO,0.7084113,0.17483822,0.116750516,-4.36030131812916
2024-10-03,AWL.BO,0.7084113,0.17483793,0.11675088,-0.941180060891544
2024-10-03,AAVAS.BO,0.7084315,0.17482926,0.11673928,-3.5296441003677486
2024-10-03,ACE.BO,0.70840985,0.17483862,0.11675159,-1.6579682896256867
2024-10-03,ADANIENSOL.BO,0.7084227,0.17483251,0.116744675,-2.2879354182947265
2024-10-03,ADANIENT.BO,0.70840895,0.17483896,0.11675206,1.8111217865216929
2024-10-03,ADANIGREEN.BO,0.7084195,0.17483428,0.11674622,-1.4984433344164227
2024-10-03,ADANIPORTS.BO,0.70841223,0.17483762,0.11675021,-0.48422068003690505
2024-10-03,ADANIPOWER.BO,0.7084375,0.17482601,0.116736464,-0.07746405792997221
2024-10-03,ATGL.BO,0.7084084,0.17483935,0.11675225,-1.8645556916370771
2024-10-10,360ONE.BO,0.5145697,0.286567,0.19886331,8.277921615004837
2024-10-10,3MINDIA.BO,0.51456827,0.2865676,0.19886407,-1.8866795040493187
2024-10-10,APLAPOLLO.BO,0.514567,0.28656828,0.1988647,-1.274516004002407
2024-10-10,AUBANK.BO,0.5145646,0.2865698,0.19886567,-1.8007769617367935
2024-10-10,AWL.BO,0.5145626,0.28657037,0.19886702,-2.761279135997315
2024-10-10,AAVAS.BO,0.51456934,0.28656718,0.19886345,0.47116164796020127
2024-10-10,ACE.BO,0.51456594,0.2865687,0.19886537,3.0079097975198454
2024-10-10,ADANIENSOL.BO,0.51456815,0.2865678,0.19886403,2.784627930810801
2024-10-10,ADANIENT.BO,0.5145706,0.2865664,0.19886304,-5.076736998625233
2024-10-10,ADANIGREEN.BO,0.5145634,0.2865702,0.19886638,-2.728113442309587
2024-10-10,ADANIPORTS.BO,0.5145687,0.28656733,0.19886398,-1.6572052600978628
2024-10-10,ADANIPOWER.BO,0.51456416,0.28656965,0.19886623,-5.558138115461483
2024-10-10,ATGL.BO,0.5145686,0.28656715,0.19886418,-3.0017151691726323
2024-10-17,360ONE.BO,0.5076452,0.27193454,0.22042032,-6.547753443215172
2024-10-17,3MINDIA.BO,0.507649,0.27193323,0.22041777,0.7270390279996337
2024-10-17,APLAPOLLO.BO,0.5076398,0.2719362,0.22042395,-3.934065839057549
2024-10-17,AUBANK.BO,0.50766,0.2719296,0.22041045,-6.047153146459686
2024-10-17,AWL.BO,0.50765514,0.2719312,0.22041373,3.9083932192270994
2024-10-17,AAVAS.BO,0.50762,0.27194256,0.22043741,-3.4158344188739322
2024-10-17,ACE.BO,0.5076927,0.2719192,0.22038816,-8.551135928569655
2024-10-17,ADANIENSOL.BO,0.5076391,0.27193618,0.22042476,-4.3993694349373955
2024-10-17,ADANIENT.BO,0.50765824,0.2719302,0.22041157,-6.103507618878339
2024-10-17,ADANIGREEN.BO,0.5076806,0.2719229,0.22039641,-2.291020672949547
2024-10-17,ADANIPORTS.BO,0.5076288,0.27193958,0.22043154,-2.900582397611237
2024-10-17,ADANIPOWER.BO,0.50762373,0.27194098,0.22043534,-0.7469454554973285
2024-10-17,ATGL.BO,0.507703,0.27191573,0.22038122,2.7341324788716164
2024-10-24,360ONE.BO,0.5757187,0.23750044,0.18678087,5.223488652150278
2024-10-24,3MINDIA.BO,0.5757125,0.23749985,0.18678759,6.033245365602472
2024-10-24,APLAPOLLO.BO,0.5757174,0.23749994,0.18678258,2.03418066929876
2024-10-24,AUBANK.BO,0.5756414,0.23749612,0.18686248,-5.127407050087783
2024-10-24,AWL.BO,0.5757182,0.23750037,0.18678136,1.7043839314139153
2024-10-24,AAVAS.BO,0.57571906,0.23749977,0.18678111,0.15885055681477595
2024-10-24,ACE.BO,0.5757228,0.23750083,0.18677637,5.980208699960531
2024-10-24,ADANIENSOL.BO,0.5757176,0.2375002,0.18678212,0.0
2024-10-24,ADANIENT.BO,0.57570696,0.23749907,0.18679394,4.182643612102006
2024-10-24,ADANIGREEN.BO,0.57571614,0.23750049,0.18678337,-5.6197042814909715
2024-10-24,ADANIPORTS.BO,0.57571054,0.23749958,0.18678983,1.6690034704533678
2024-10-24,ADANIPOWER.BO,0.57571906,0.23750024,0.18678066,-1.9434324426946779
2024-10-24,ATGL.BO,0.57571644,0.23749994,0.18678366,-4.852701014771599
2024-10-31,360ONE.BO,0.6708553,0.23027858,0.09886607,-4.890705144375494
2024-10-31,3MINDIA.BO,0.67085725,0.23027778,0.09886504,0.12044363495876775
2024-10-31,APLAPOLLO.BO,0.6708573,0.23027779,0.09886489,-0.0558331263880602
2024-10-31,AUBANK.BO,0.6708527,0.23027971,0.09886758,-1.7144256332303907
2024-10-31,AWL.BO,0.6708505,0.23028047,0.09886896,-0.17336206094609782
2024-10-31,AAVAS.BO,0.6708601,0.2302766,0.098863274,1.9779715288113768
2024-10-31,ACE.BO,0.67085606,0.23027827,0.098865695,-1.8523957185121336
2024-10-31,ADANIENSOL.BO,0.6708521,0.23027988,0.098868035,-1.2196396705115
2024-10-31,ADANIENT.BO,0.6708549,0.23027872,0.09886637,0.7669760034361055
2024-10-31,ADANIGREEN.BO,0.67085546,0.23027849,0.09886601,2.8473091364205256
2024-10-31,ADANIPORTS.BO,0.67085475,0.23027876,0.09886649,-1.7505612290770485
2024-10-31,ADANIPOWER.BO,0.6708527,0.23027962,0.09886763,1.138566650582545
2024-10-31,ATGL.BO,0.6708524,0.23027967,0.09886785,1.064573430833304
2024-11-07,360ONE.BO,0.4242339,0.31301698,0.26274905,1.3712472118507746
2024-11-07,3MINDIA.BO,0.4242264,0.3130214,0.26275218,-9.992991686058717
2024-11-07,APLAPOLLO.BO,0.42422414,0.31302267,0.26275325,-3.3026618468616493
2024-11-07,AUBANK.BO,0.42422795,0.31302062,0.2627514,-4.684776415841703
2024-11-07,AWL.BO,0.42422715,0.31302103,0.26275185,-4.18234796151411
2024-11-07,AAVAS.BO,0.42422572,0.31302184,0.2627525,-3.1045455476769495
2024-11-07,ACE.BO,0.42422336,0.31302306,0.26275358,-5.794744971782171
2024-11-07,ADANIENSOL.BO,0.42422628,0.3130215,0.2627522,-8.964511773522204
2024-11-07,ADANIENT.BO,0.42422748,0.31302077,0.26275173,-4.827821761598047
2024-11-07,ADANIGREEN.BO,0.42422783,0.31302065,0.26275152,-9.32156684952084
2024-11-07,ADANIPORTS.BO,0.42422777,0.31302065,0.26275155,-6.520771311833519
2024-11-07,ADANIPOWER.BO,0.42422637,0.31302142,0.2627522,-8.380583368759462
2024-11-07,ATGL.BO,0.42422697,0.3130211,0.26275194,-5.796898531626506
2024-11-14,360ONE.BO,0.32702532,0.34339836,0.32957628,4.03429155379257
2024-11-14,3MINDIA.BO,0.32702553,0.3433991,0.3295753,-1.7551237471285137
2024-11-14,APLAPOLLO.BO,0.3270254,0.34339842,0.3295762,-0.8666100254885302
2024-11-14,AUBANK.BO,0.32702518,0.34339765,0.32957715,3.965141612200436
2024-11-14,AWL.BO,0.32702526,0.343398,0.32957676,-10.104208706502655
2024-11-14,AAVAS.BO,0.32702515,0.34339756,0.32957733,0.16656066858493374
2024-11-14,ACE.BO,0.32702518,0.34339762,0.32957724,1.0459830434378208
2024-11-14,ADANIENSOL.BO,0.32702512,0.34339747,0.3295774,-28.78391176211566
2024-11-14,ADANIENT.BO,0.32702556,0.34339905,0.32957542,-20.10863865095518
2024-11-14,ADANIGREEN.BO,0.327025,0.34339702,0.329578,-35.07012059920688
2024-11-14,ADANIPORTS.BO,0.3270253,0.34339812,0.32957658,-7.74676299833027
2024-11-14,ADANIPOWER.BO,0.3270251,0.3433973,0.32957762,-18.658414023419816
2024-11-14,ATGL.BO,0.32702538,0.34339845,0.32957616,-12.19031227624235
